City_ID,City,Country,Lat,Lng,Max Temp,Humidity,Cloudiness,Wind Speed,Description,Date
0,Norrtalje,SE,59.758,18.705,66.02,86,27,5.32,scattered clouds,2022-07-21 01:24:59
1,Rikitea,PF,-23.1203,-134.9692,73.56,76,0,5.61,light rain,2022-07-21 01:23:12
2,Cherskiy,RU,68.75,161.3,47.8,39,8,18.19,clear sky,2022-07-21 01:24:59
3,Laguna,US,38.421,-121.4238,106.32,18,0,13.8,clear sky,2022-07-21 01:15:36
4,Ushuaia,AR,-54.8,-68.3,29.86,93,100,17.27,snow,2022-07-21 01:25:00
5,Hilo,US,19.7297,-155.09,84.27,85,41,5.01,scattered clouds,2022-07-21 01:13:57
6,Santa Maria,BR,-29.6842,-53.8069,58.3,100,0,1.14,clear sky,2022-07-21 01:25:00
7,Mataura,NZ,-46.1927,168.8643,44.47,78,100,4.0,overcast clouds,2022-07-21 01:16:51
8,Longyearbyen,SJ,78.2186,15.6401,51.64,82,40,11.5,scattered clouds,2022-07-21 01:16:53
9,Clyde River,CA,70.4692,-68.5914,35.83,100,100,9.22,light rain,2022-07-21 01:13:11
10,Juba,SS,4.8517,31.5825,67.62,91,38,1.14,scattered clouds,2022-07-21 01:25:01
11,Shushenskoye,RU,53.325,91.9356,63.54,56,67,2.86,broken clouds,2022-07-21 01:25:01
12,Cape Town,ZA,-33.9258,18.4232,56.37,78,0,5.75,clear sky,2022-07-21 01:18:03
13,New Norfolk,AU,-42.7826,147.0587,48.92,63,0,1.59,clear sky,2022-07-21 01:22:13
14,Tiksi,RU,71.6872,128.8694,40.6,83,12,22.03,few clouds,2022-07-21 01:25:01
15,Salta,AR,-24.7859,-65.4117,55.99,69,40,4.61,scattered clouds,2022-07-21 01:25:02
16,Lavrentiya,RU,65.5833,-171.0,42.85,69,100,25.5,overcast clouds,2022-07-21 01:16:11
17,Treinta Y Tres,UY,-33.2333,-54.3833,59.07,94,70,7.25,broken clouds,2022-07-21 01:25:02
18,Hermanus,ZA,-34.4187,19.2345,49.44,78,0,6.15,clear sky,2022-07-21 01:11:29
19,Bredasdorp,ZA,-34.5322,20.0403,44.15,90,0,5.75,clear sky,2022-07-21 01:25:03
20,Saskylakh,RU,71.9167,114.0833,51.06,56,53,17.09,broken clouds,2022-07-21 01:20:44
21,Kavieng,PG,-2.5744,150.7967,83.08,75,96,11.99,light rain,2022-07-21 01:25:03
22,Zunyi,CN,27.6867,106.9072,74.59,85,87,6.55,overcast clouds,2022-07-21 01:25:04
23,Ullapool,GB,57.8987,-5.1604,53.35,95,100,3.89,overcast clouds,2022-07-21 01:25:04
24,Busselton,AU,-33.65,115.3333,58.05,81,100,14.18,light rain,2022-07-21 01:19:29
25,Najran,SA,17.4924,44.1277,84.85,51,100,7.83,overcast clouds,2022-07-21 01:25:05
26,Hithadhoo,MV,-0.6,73.0833,79.99,77,98,6.2,overcast clouds,2022-07-21 01:25:05
27,Coari,BR,-4.085,-63.1414,77.29,77,69,2.66,moderate rain,2022-07-21 01:25:05
28,Kahului,US,20.8947,-156.47,83.97,54,40,25.32,scattered clouds,2022-07-21 01:22:20
29,Punta Arenas,CL,-53.15,-70.9167,30.31,93,20,13.8,few clouds,2022-07-21 01:25:06
30,Korla,CN,41.7597,86.1469,69.01,45,0,2.08,clear sky,2022-07-21 01:25:06
31,Nichinan,JP,31.6,131.3667,87.48,74,100,12.73,overcast clouds,2022-07-21 01:25:06
32,Avarua,CK,-21.2078,-159.775,71.65,78,75,16.11,light rain,2022-07-21 01:25:07
33,Abha,SA,18.2164,42.5053,66.02,72,20,9.22,few clouds,2022-07-21 01:25:07
34,Ribeira Grande,PT,38.5167,-28.7,72.82,84,6,2.57,clear sky,2022-07-21 01:24:32
35,Jamestown,US,42.097,-79.2353,82.02,66,0,9.22,clear sky,2022-07-21 01:12:25
36,Mecca,SA,21.4267,39.8261,86.05,44,86,6.22,overcast clouds,2022-07-21 01:25:08
37,Elko,US,41.0002,-115.5012,95.02,11,6,7.0,clear sky,2022-07-21 01:25:08
38,Lebu,CL,-37.6167,-73.65,52.05,96,100,5.17,overcast clouds,2022-07-21 01:16:49
39,Uarini,BR,-2.99,-65.1083,73.15,99,100,3.42,overcast clouds,2022-07-21 01:24:35
40,Vaini,TO,-21.2,-175.2,74.34,78,64,14.92,broken clouds,2022-07-21 01:12:45
41,Albany,US,42.6001,-73.9662,86.65,64,34,3.74,scattered clouds,2022-07-21 01:20:15
42,Hobart,AU,-42.8794,147.3294,48.25,79,40,8.05,scattered clouds,2022-07-21 01:16:49
43,Spearfish,US,44.4908,-103.8594,88.09,18,0,10.36,clear sky,2022-07-21 01:25:09
44,Salcininkai,LT,54.3,25.3833,57.29,92,5,6.42,clear sky,2022-07-21 01:26:09
45,Arcachon,FR,44.5875,-1.0519,64.72,94,20,3.44,fog,2022-07-21 01:26:10
46,Koungou,YT,-12.7336,45.2042,67.71,94,0,2.3,clear sky,2022-07-21 01:26:10
47,Zhuanghe,CN,39.7008,122.9911,71.04,79,100,6.73,overcast clouds,2022-07-21 01:26:10
48,Kapaa,US,22.0752,-159.319,87.78,69,40,17.27,scattered clouds,2022-07-21 01:18:21
49,Kampong Cham,KH,11.9934,105.4635,75.67,93,100,8.72,overcast clouds,2022-07-21 01:26:11
50,Sarangani,PH,5.4033,125.4636,83.05,69,73,1.57,broken clouds,2022-07-21 01:26:11
51,Kalmunai,LK,7.4167,81.8167,79.81,84,100,3.27,overcast clouds,2022-07-21 01:26:11
52,Nome,US,64.5011,-165.4064,47.16,87,100,8.05,moderate rain,2022-07-21 01:26:12
53,Balabac,PH,7.9868,117.0645,84.24,70,77,5.64,broken clouds,2022-07-21 01:26:12
54,Codrington,AU,-38.2667,141.9667,53.69,56,5,6.4,clear sky,2022-07-21 01:26:12
55,Yellowknife,CA,62.456,-114.3525,68.52,40,75,10.36,broken clouds,2022-07-21 01:16:32
56,Progreso,MX,21.2833,-89.6667,87.12,81,28,16.46,scattered clouds,2022-07-21 01:26:13
57,Bandarbeyla,SO,9.4942,50.8122,74.28,82,7,24.02,clear sky,2022-07-21 01:26:13
58,Vao,NC,-22.6667,167.4833,74.08,89,100,10.13,overcast clouds,2022-07-21 01:24:29
59,Pangody,RU,65.85,74.4859,51.71,68,100,10.92,overcast clouds,2022-07-21 01:26:13
60,Ostrovnoy,RU,68.0531,39.5131,47.68,96,31,3.76,scattered clouds,2022-07-21 01:26:14
61,East London,ZA,-33.0153,27.9116,60.6,85,47,7.83,scattered clouds,2022-07-21 01:20:41
62,Mezica,SI,46.5214,14.8544,65.71,62,57,2.15,broken clouds,2022-07-21 01:26:14
63,Luderitz,NA,-26.6481,15.1594,55.74,62,0,14.61,clear sky,2022-07-21 01:23:19
64,Te Anau,NZ,-45.4167,167.7167,42.55,83,93,2.3,overcast clouds,2022-07-21 01:26:15
65,Arraial Do Cabo,BR,-22.9661,-42.0278,70.07,85,2,11.63,clear sky,2022-07-21 01:20:37
66,Corrente,BR,-3.7367,-43.3394,71.96,69,9,3.31,clear sky,2022-07-21 01:26:15
67,Guerrero Negro,MX,27.9769,-114.0611,76.32,56,9,17.11,clear sky,2022-07-21 01:21:46
68,Upernavik,GL,72.7868,-56.1549,48.11,70,100,7.78,overcast clouds,2022-07-21 01:18:11
69,Lerwick,GB,60.1545,-1.1494,53.6,88,100,16.26,overcast clouds,2022-07-21 01:26:16
70,Byurakan,AM,40.338,44.2714,71.6,65,0,3.0,clear sky,2022-07-21 01:26:16
71,Port Lincoln,AU,-34.7333,135.8667,55.29,67,0,13.22,clear sky,2022-07-21 01:26:16
72,Gainesville,US,29.6516,-82.3248,75.9,89,20,0.0,few clouds,2022-07-21 01:25:08
73,Tasiilaq,GL,65.6145,-37.6368,37.56,77,100,3.78,overcast clouds,2022-07-21 01:26:17
74,Severo-Kurilsk,RU,50.6789,156.125,52.65,97,99,12.93,light rain,2022-07-21 01:14:12
75,Katherine,AU,-14.4667,132.2667,79.12,34,59,14.97,broken clouds,2022-07-21 01:26:17
76,Fort Nelson,CA,58.8053,-122.7002,74.79,33,75,8.05,broken clouds,2022-07-21 01:26:18
77,Bluff,NZ,-46.6,168.3333,44.8,68,100,7.54,overcast clouds,2022-07-21 01:16:55
78,Kaitangata,NZ,-46.2817,169.8464,43.27,81,100,8.41,overcast clouds,2022-07-21 01:20:33
79,Castro,BR,-24.7911,-50.0119,56.32,93,6,4.29,clear sky,2022-07-21 01:18:24
80,Sayat,TM,38.7839,63.8803,83.55,16,0,13.35,clear sky,2022-07-21 01:26:18
81,Kigali,RW,-1.95,30.0588,63.88,63,20,2.3,few clouds,2022-07-21 01:21:57
82,Nikolskoye,RU,59.7035,30.7861,64.87,82,8,7.05,clear sky,2022-07-21 01:24:25
83,Sao Felix Do Xingu,BR,-6.6447,-51.995,80.42,46,100,1.28,overcast clouds,2022-07-21 01:26:19
84,Southbridge,US,42.0751,-72.0334,82.56,82,0,5.17,clear sky,2022-07-21 01:26:20
85,Bengkulu,ID,-3.8004,102.2655,77.77,87,18,2.86,few clouds,2022-07-21 01:12:45
86,Puerto Ayora,EC,-0.7393,-90.3518,67.55,99,45,8.01,scattered clouds,2022-07-21 01:26:20
87,Georgetown,MY,5.4112,100.3354,82.33,88,20,2.3,few clouds,2022-07-21 01:16:59
88,San Quintin,MX,30.4833,-115.95,72.95,70,2,13.42,clear sky,2022-07-21 01:26:20
89,Asau,RO,46.4333,26.4,65.32,72,0,5.08,clear sky,2022-07-21 01:19:27
90,Chuy,UY,-33.6971,-53.4616,57.2,95,81,7.52,broken clouds,2022-07-21 01:19:30
91,Butaritari,KI,3.0707,172.7902,81.09,80,100,9.4,moderate rain,2022-07-21 01:27:21
92,Faanui,PF,-16.4833,-151.75,78.08,69,8,10.45,clear sky,2022-07-21 01:23:18
93,High Rock,BS,26.6208,-78.2833,82.42,71,0,9.51,clear sky,2022-07-21 01:27:21
94,Saldanha,ZA,-33.0117,17.9442,51.51,69,0,8.05,clear sky,2022-07-21 01:27:22
95,Plettenberg Bay,ZA,-34.0527,23.3716,52.07,86,0,5.91,clear sky,2022-07-21 01:27:22
96,Vostok,RU,46.4856,135.8833,68.11,90,84,2.37,broken clouds,2022-07-21 01:27:22
97,Sidi Ali,DZ,36.0998,0.4206,73.26,86,0,3.53,clear sky,2022-07-21 01:27:23
98,Vestmannaeyjar,IS,63.4427,-20.2734,52.09,84,73,14.0,broken clouds,2022-07-21 01:19:26
99,Kalabo,ZM,-14.97,22.6814,59.81,50,99,5.41,overcast clouds,2022-07-21 01:27:23
100,Dikson,RU,73.5069,80.5464,38.86,91,100,30.18,light rain,2022-07-21 01:27:24
101,Khatanga,RU,71.9667,102.5,49.69,58,100,22.3,overcast clouds,2022-07-21 01:23:27
102,Nabire,ID,-3.3667,135.4833,81.21,73,100,4.63,overcast clouds,2022-07-21 01:25:06
103,Nanortalik,GL,60.1432,-45.2371,49.64,87,28,15.05,scattered clouds,2022-07-21 01:23:30
104,Pitimbu,BR,-7.4706,-34.8086,73.99,87,100,12.95,overcast clouds,2022-07-21 01:27:24
105,Barrow,US,71.2906,-156.7887,53.62,62,0,12.66,clear sky,2022-07-21 01:23:21
106,Kurilsk,RU,45.2333,147.8833,52.66,95,100,9.53,moderate rain,2022-07-21 01:27:25
107,Itarema,BR,-2.9248,-39.9167,76.73,78,44,11.18,scattered clouds,2022-07-21 01:15:25
108,Pangnirtung,CA,66.1451,-65.7125,45.54,87,100,0.29,overcast clouds,2022-07-21 01:24:33
109,Maniitsoq,GL,65.4167,-52.9,46.63,93,100,20.49,light rain,2022-07-21 01:27:25
110,Duluth,US,46.7833,-92.1066,82.08,52,0,13.8,clear sky,2022-07-21 01:25:11
111,Atuona,PF,-9.8,-139.0333,77.61,75,1,14.36,clear sky,2022-07-21 01:27:26
112,Covasint,RO,46.2,21.6,64.27,39,0,1.88,clear sky,2022-07-21 01:27:26
113,Gualaquiza,EC,-3.4,-78.55,60.37,91,91,1.3,overcast clouds,2022-07-21 01:27:26
114,Copiapo,CL,-27.3667,-70.3333,49.69,61,100,2.39,overcast clouds,2022-07-21 01:27:27
115,Provideniya,RU,64.3833,-173.3,46.51,71,75,13.42,broken clouds,2022-07-21 01:27:27
116,Palmer,US,42.1584,-72.3287,83.07,74,0,4.36,clear sky,2022-07-21 01:27:27
117,Myre,NO,69.1036,15.9492,57.34,90,75,9.48,broken clouds,2022-07-21 01:27:28
118,Thompson,CA,55.7435,-97.8558,64.56,82,75,8.05,broken clouds,2022-07-21 01:24:32
119,Xai-Xai,MZ,-25.0519,33.6442,63.39,85,0,2.13,clear sky,2022-07-21 01:27:28
120,Bafq,IR,31.6128,55.4107,79.88,21,0,4.25,clear sky,2022-07-21 01:27:28
121,Yulin,CN,22.6333,110.15,83.68,78,90,6.73,overcast clouds,2022-07-21 01:27:28
122,Broken Hill,AU,-31.95,141.4333,48.47,91,95,14.65,overcast clouds,2022-07-21 01:23:16
123,Alekseyevsk,RU,57.8406,108.3492,62.96,75,100,3.6,overcast clouds,2022-07-21 01:27:29
124,Ponta Do Sol,PT,32.6667,-17.1,70.72,80,12,5.64,few clouds,2022-07-21 01:23:06
125,Hearst,CA,49.6835,-83.6665,66.45,99,100,4.36,overcast clouds,2022-07-21 01:27:29
126,Brae,GB,60.3964,-1.353,51.94,87,87,17.2,overcast clouds,2022-07-21 01:27:30
127,Reading,GB,51.4562,-0.9711,63.25,73,0,5.75,clear sky,2022-07-21 01:23:39
128,Atar,MR,20.5169,-13.0499,85.89,47,18,11.43,few clouds,2022-07-21 01:18:26
129,Komsomolskiy,UZ,40.4272,71.7189,77.72,36,0,6.91,clear sky,2022-07-21 01:27:30
130,Isla Vista,US,34.4133,-119.861,89.35,47,100,7.09,overcast clouds,2022-07-21 01:27:30
131,Wahiawa,US,21.5028,-158.0236,82.72,72,94,14.52,overcast clouds,2022-07-21 01:27:31
132,San Jose,US,37.3394,-121.895,88.7,43,0,13.8,clear sky,2022-07-21 01:26:55
133,Dwarka,IN,22.2394,68.9678,81.48,85,100,20.94,overcast clouds,2022-07-21 01:27:31
134,Moerai,PF,-22.4333,-151.3333,71.22,71,98,35.25,overcast clouds,2022-07-21 01:27:31
135,Souillac,MU,-20.5167,57.5167,66.58,82,75,12.66,broken clouds,2022-07-21 01:27:32
136,Cibitoke,BI,-2.8833,29.25,60.49,63,12,3.85,few clouds,2022-07-21 01:27:32
137,Pacific Grove,US,36.6177,-121.9166,75.24,85,75,8.05,broken clouds,2022-07-21 01:24:49
138,Atamanovka,RU,51.93,113.63,66.63,64,1,7.67,clear sky,2022-07-21 01:28:33
139,Mar Del Plata,AR,-38.0023,-57.5575,57.09,65,0,10.36,clear sky,2022-07-21 01:17:51
140,Kruisfontein,ZA,-34.0033,24.7314,49.89,92,11,6.76,few clouds,2022-07-21 01:19:31
141,Rongcheng,CN,30.634,117.8517,84.88,82,100,2.3,overcast clouds,2022-07-21 01:28:33
142,Ushtobe,KZ,45.2514,77.9838,75.69,19,0,3.76,clear sky,2022-07-21 01:28:33
143,Bathsheba,BB,13.2167,-59.5167,81.21,95,40,16.11,scattered clouds,2022-07-21 01:28:34
144,Anadyr,RU,64.75,177.4833,50.5,57,75,13.42,broken clouds,2022-07-21 01:28:34
145,Alugan,PH,12.2188,125.4808,84.02,76,100,5.88,light rain,2022-07-21 01:28:34
146,Sosnovo-Ozerskoye,RU,52.5249,111.5418,62.47,60,100,8.79,overcast clouds,2022-07-21 01:28:35
147,Rawson,AR,-43.3002,-65.1023,43.47,42,0,27.47,clear sky,2022-07-21 01:23:18
148,Lake Havasu City,US,34.4839,-114.3224,115.41,15,0,5.75,clear sky,2022-07-21 01:28:35
149,Tuktoyaktuk,CA,69.4541,-133.0374,51.8,87,75,9.22,broken clouds,2022-07-21 01:28:35
150,Kodiak,US,57.79,-152.4072,58.51,67,0,10.36,clear sky,2022-07-21 01:28:36
151,Mangochi,MW,-14.4782,35.2645,67.06,63,31,4.03,scattered clouds,2022-07-21 01:28:36
152,Diego De Almagro,CL,-26.3667,-70.05,60.57,49,100,1.59,overcast clouds,2022-07-21 01:28:36
153,Yatou,CN,37.15,122.3833,75.96,75,56,8.46,broken clouds,2022-07-21 01:28:37
154,Christchurch,NZ,-43.5333,172.6333,44.47,93,75,24.16,light rain,2022-07-21 01:26:50
155,Velasco Ibarra,EC,-1.05,-79.6167,74.8,85,72,3.49,light rain,2022-07-21 01:28:37
156,Ixtepec,MX,16.5786,-95.1022,81.73,68,43,11.59,scattered clouds,2022-07-21 01:28:37
157,Nisia Floresta,BR,-6.0911,-35.2086,75.58,96,78,5.57,broken clouds,2022-07-21 01:28:38
158,Tammisaari,FI,59.9736,23.4339,59.9,96,31,0.87,scattered clouds,2022-07-21 01:28:38
159,Torbay,CA,47.6666,-52.7314,64.58,87,100,18.41,overcast clouds,2022-07-21 01:14:24
160,Ayr,GB,55.4627,-4.6339,57.18,82,100,11.5,overcast clouds,2022-07-21 01:28:38
161,Boa Vista,BR,2.8197,-60.6733,84.18,65,40,4.61,scattered clouds,2022-07-21 01:28:39
162,Port Elizabeth,ZA,-33.918,25.5701,54.32,93,75,4.61,broken clouds,2022-07-21 01:23:59
163,Qeshm,IR,26.9581,56.2719,89.47,81,8,11.72,clear sky,2022-07-21 01:28:39
164,Quesnel,CA,52.9999,-122.5029,81.1,29,100,4.61,overcast clouds,2022-07-21 01:28:39
165,San Rafael,AR,-34.6177,-68.3301,56.53,20,0,5.06,clear sky,2022-07-21 01:28:40
166,Katsuura,JP,35.1333,140.3,80.64,77,100,9.46,overcast clouds,2022-07-21 01:19:25
167,Pevek,RU,69.7008,170.3133,31.75,87,100,15.9,overcast clouds,2022-07-21 01:28:40
168,Walvis Bay,NA,-22.9575,14.5053,51.1,81,0,3.44,clear sky,2022-07-21 01:28:40
169,Mandera,KE,3.9366,41.867,74.91,46,100,16.96,overcast clouds,2022-07-21 01:28:41
170,Vagur,FO,61.4732,-6.8119,49.41,89,99,15.99,overcast clouds,2022-07-21 01:28:41
171,Qaanaaq,GL,77.484,-69.3632,39.99,84,100,4.5,overcast clouds,2022-07-21 01:28:41
172,Ancud,CL,-41.8697,-73.8203,40.23,65,41,9.01,scattered clouds,2022-07-21 01:28:42
173,Qaqortoq,GL,60.7167,-46.0333,46.56,96,41,1.41,scattered clouds,2022-07-21 01:28:42
174,Ingham,US,42.6,-84.3833,78.75,63,100,5.75,overcast clouds,2022-07-21 01:28:42
175,Port Augusta,AU,-32.5,137.7667,55.31,49,11,4.85,few clouds,2022-07-21 01:28:42
176,Palauig,PH,15.435,119.9045,86.27,66,100,0.72,overcast clouds,2022-07-21 01:28:43
177,Okhotsk,RU,59.3833,143.3,62.02,84,100,5.1,overcast clouds,2022-07-21 01:28:43
178,Carballo,ES,43.213,-8.691,65.01,93,62,6.42,broken clouds,2022-07-21 01:28:43
179,Sambava,MG,-14.2667,50.1667,68.83,83,10,13.24,light rain,2022-07-21 01:28:44
180,Bethel,US,41.3712,-73.414,83.77,75,0,6.31,clear sky,2022-07-21 01:25:15
181,Amapa,BR,1.0,-52.0,71.76,99,11,1.25,few clouds,2022-07-21 01:29:44
182,Waitati,NZ,-45.75,170.5667,45.81,65,94,8.7,overcast clouds,2022-07-21 01:29:44
183,Puerto Cabezas,NI,14.0351,-83.3888,78.48,84,65,8.19,broken clouds,2022-07-21 01:29:45
184,Odesskoye,RU,54.2111,72.9651,60.69,90,0,12.71,clear sky,2022-07-21 01:29:45
185,Auki,SB,-8.7676,160.7034,85.91,62,100,2.86,overcast clouds,2022-07-21 01:24:26
186,Jackson,US,42.4165,-122.8345,99.05,19,0,11.5,clear sky,2022-07-21 01:29:45
187,Kelvington,CA,52.1667,-103.5343,65.1,61,51,15.77,broken clouds,2022-07-21 01:29:46
188,Aitape,PG,-3.1374,142.3475,85.44,64,81,5.48,broken clouds,2022-07-21 01:24:25
189,Hobro,DK,56.6431,9.7903,64.0,93,93,5.06,overcast clouds,2022-07-21 01:29:46
190,Carnarvon,AU,-24.8667,113.6333,68.07,94,100,8.05,overcast clouds,2022-07-21 01:29:46
191,Bartlett,US,35.2045,-89.874,90.14,69,0,12.66,clear sky,2022-07-21 01:29:47
192,Bilma,NE,18.6853,12.9164,88.18,36,55,6.62,broken clouds,2022-07-21 01:29:47
193,Biak,ID,-0.9131,122.8766,80.85,74,16,3.24,few clouds,2022-07-21 01:29:47
194,Sabha,LY,27.0377,14.4283,79.3,27,0,8.68,clear sky,2022-07-21 01:29:48
195,Arkadak,RU,51.9326,43.4978,56.53,93,100,8.14,light rain,2022-07-21 01:29:48
196,Lasa,IT,46.6166,10.7002,66.36,88,0,1.88,clear sky,2022-07-21 01:29:48
197,Clearlake,US,38.9582,-122.6264,97.57,21,0,11.52,clear sky,2022-07-21 01:29:48
198,Ilulissat,GL,69.2167,-51.1,57.22,44,75,14.97,broken clouds,2022-07-21 01:29:49
199,Victoria,HK,22.2855,114.1577,89.96,79,14,8.01,few clouds,2022-07-21 01:28:31
200,Cardston,CA,49.2,-113.3019,82.69,17,3,11.5,clear sky,2022-07-21 01:29:49
201,At-Bashi,KG,41.1702,75.8106,62.96,37,0,6.76,clear sky,2022-07-21 01:29:49
202,Langsa,ID,4.4683,97.9683,76.5,91,99,2.51,overcast clouds,2022-07-21 01:29:50
203,Palana,RU,59.1167,159.9667,57.11,65,59,13.49,broken clouds,2022-07-21 01:29:50
204,Anuradhapura,LK,8.3565,80.4173,78.6,81,100,9.24,overcast clouds,2022-07-21 01:29:50
205,Maragogi,BR,-9.0122,-35.2225,74.98,88,100,12.1,overcast clouds,2022-07-21 01:29:51
206,Borzya,RU,50.3833,116.5167,72.64,68,43,6.82,scattered clouds,2022-07-21 01:29:51
207,Portland,US,45.5234,-122.6762,93.61,35,20,10.36,few clouds,2022-07-21 01:23:00
208,Talnakh,RU,69.4865,88.3972,56.21,65,100,7.92,overcast clouds,2022-07-21 01:20:40
209,Mtwara,TZ,-10.2667,40.1833,66.97,90,46,7.67,scattered clouds,2022-07-21 01:29:51
210,North Bend,US,43.4065,-124.2243,72.25,87,100,12.66,overcast clouds,2022-07-21 01:29:52
211,Comodoro Rivadavia,AR,-45.8667,-67.5,39.06,48,0,26.46,clear sky,2022-07-21 01:29:52
212,Louga,RU,58.7372,29.8453,60.13,74,18,8.86,few clouds,2022-07-21 01:29:52
213,Maicao,CO,11.3832,-72.2432,81.41,76,3,12.59,clear sky,2022-07-21 01:29:53
214,Tazovskiy,RU,67.4667,78.7,45.5,87,100,10.89,overcast clouds,2022-07-21 01:29:53
215,Osa,RU,57.2829,55.4567,52.14,92,8,1.54,clear sky,2022-07-21 01:29:53
216,Rio Grande,BR,-32.035,-52.0986,58.95,92,0,12.12,clear sky,2022-07-21 01:29:53
217,Moron,AR,-34.6534,-58.6198,60.98,81,0,5.32,clear sky,2022-07-21 01:29:54
218,Sharjah,AE,25.3573,55.4033,93.49,52,0,10.36,clear sky,2022-07-21 01:29:54
219,Samsun,TR,41.25,36.3333,68.76,72,75,9.22,broken clouds,2022-07-21 01:29:54
220,Enumclaw,US,47.2043,-121.9915,86.13,47,0,5.99,clear sky,2022-07-21 01:29:55
221,Ubinskoye,RU,55.3068,79.6802,59.9,96,100,11.25,light rain,2022-07-21 01:29:55
222,Hobyo,SO,5.3505,48.5268,74.82,80,69,23.4,broken clouds,2022-07-21 01:29:55
223,Sinnamary,GF,5.3833,-52.95,77.31,85,42,5.75,scattered clouds,2022-07-21 01:29:56
224,Chokurdakh,RU,70.6333,147.9167,54.37,43,57,8.01,broken clouds,2022-07-21 01:24:26
225,Inhambane,MZ,-23.865,35.3833,67.15,85,0,5.55,clear sky,2022-07-21 01:29:56
226,Puerto Colombia,CO,10.9878,-74.9547,80.69,86,36,21.12,scattered clouds,2022-07-21 01:29:56
227,Cayenne,GF,4.9333,-52.3333,81.09,1,20,0.0,few clouds,2022-07-21 01:30:57
228,Isangel,VU,-19.55,169.2667,84.31,74,75,6.91,broken clouds,2022-07-21 01:30:57
229,Husavik,IS,66.0449,-17.3389,45.5,88,73,1.59,broken clouds,2022-07-21 01:30:57
230,College,US,64.8569,-147.8028,69.75,48,75,12.66,broken clouds,2022-07-21 01:30:57
231,Leningradskiy,RU,69.3833,178.4167,33.26,98,100,20.27,light snow,2022-07-21 01:26:12
232,Isiro,CD,2.7739,27.616,64.92,98,89,1.66,overcast clouds,2022-07-21 01:30:58
233,Beringovskiy,RU,63.05,179.3167,44.1,74,100,14.92,overcast clouds,2022-07-21 01:23:22
234,Bireun,ID,5.203,96.7009,82.85,59,100,2.62,overcast clouds,2022-07-21 01:30:58
235,Marawi,PH,7.9986,124.2928,77.43,78,69,1.23,broken clouds,2022-07-21 01:27:53
236,Peringat,MY,6.0333,102.2833,80.55,89,20,3.44,few clouds,2022-07-21 01:30:59
237,Saint George,US,37.1041,-113.5841,106.39,16,0,13.8,clear sky,2022-07-21 01:30:59
238,Bereda,ES,43.2686,-7.5406,63.41,98,97,6.2,overcast clouds,2022-07-21 01:30:59
239,Coquimbo,CL,-29.9533,-71.3436,53.33,87,100,2.3,overcast clouds,2022-07-21 01:31:00
240,Iqaluit,CA,63.7506,-68.5145,49.73,81,75,0.0,shower rain,2022-07-21 01:30:13
241,Mayumba,GA,-3.432,10.6554,69.3,95,35,4.88,scattered clouds,2022-07-21 01:31:00
242,Kavaratti,IN,10.5669,72.642,80.74,79,100,19.62,light rain,2022-07-21 01:31:00
243,Port-Gentil,GA,-0.7193,8.7815,73.96,85,100,11.39,overcast clouds,2022-07-21 01:31:01
244,Aswan,EG,24.0934,32.907,87.1,26,0,13.8,clear sky,2022-07-21 01:31:01
245,Tuatapere,NZ,-46.1333,167.6833,46.45,79,100,4.72,overcast clouds,2022-07-21 01:31:01
246,Champasak,LA,14.75,106.0,76.08,96,98,5.01,light rain,2022-07-21 01:31:01
247,Volchikha,RU,52.0333,80.3833,70.65,55,100,12.24,overcast clouds,2022-07-21 01:31:02
248,Ishcherskaya,RU,43.7153,45.1264,68.11,77,100,2.19,overcast clouds,2022-07-21 01:31:02
249,Gat,IL,31.61,34.7642,75.88,100,0,3.13,clear sky,2022-07-21 01:31:02
250,Abu Zabad,SD,12.35,29.25,76.89,73,100,12.71,overcast clouds,2022-07-21 01:31:03
251,Bafoulabe,ML,13.8065,-10.8321,76.08,86,100,2.15,light rain,2022-07-21 01:31:03
252,Rio Gallegos,AR,-51.6226,-69.2181,28.45,80,0,20.71,clear sky,2022-07-21 01:31:03
253,Macenta,GN,8.5435,-9.471,66.9,99,100,4.12,light rain,2022-07-21 01:31:04
254,Zelenoborsk,RU,61.4669,64.0333,59.59,62,100,8.59,overcast clouds,2022-07-21 01:31:04
255,Port Alfred,ZA,-33.5906,26.891,56.17,97,99,1.01,overcast clouds,2022-07-21 01:31:04
256,Westport,US,41.1415,-73.3579,83.93,69,0,5.75,clear sky,2022-07-21 01:26:11
257,Det Udom,TH,14.906,105.0784,78.62,87,100,11.59,overcast clouds,2022-07-21 01:31:05
258,Saint-Augustin,CA,51.226,-58.6502,55.22,88,100,15.99,overcast clouds,2022-07-21 01:29:53
259,Sokol,RU,59.4617,40.1206,55.42,98,100,7.94,overcast clouds,2022-07-21 01:31:05
260,Bonavista,CA,48.6499,-53.1147,59.11,93,100,21.81,light rain,2022-07-21 01:31:06
261,Riyadh,SA,24.6877,46.7219,87.94,11,21,7.7,few clouds,2022-07-21 01:27:50
262,Iwanai,JP,42.9744,140.5089,73.63,70,2,6.76,clear sky,2022-07-21 01:31:06
263,San Cristobal,VE,7.7669,-72.225,75.38,98,51,3.98,broken clouds,2022-07-21 01:31:06
264,Tilichiki,RU,60.4667,166.1,65.43,37,3,7.94,clear sky,2022-07-21 01:31:07
265,Cabo San Lucas,MX,22.8909,-109.9124,94.6,51,0,26.46,clear sky,2022-07-21 01:23:19
266,Cidreira,BR,-30.1811,-50.2056,61.43,94,3,14.79,clear sky,2022-07-21 01:31:07
267,Deputatskiy,RU,69.3,139.9,47.35,68,93,16.42,overcast clouds,2022-07-21 01:31:07
268,Hofn,IS,64.2539,-15.2082,52.12,73,21,4.63,few clouds,2022-07-21 01:31:08
269,Richards Bay,ZA,-28.783,32.0377,61.11,89,25,5.7,scattered clouds,2022-07-21 01:31:08
270,Kununurra,AU,-15.7667,128.7333,82.38,21,6,10.36,clear sky,2022-07-21 01:31:08
271,Shibganj,BD,24.6829,88.1598,87.48,67,100,10.74,overcast clouds,2022-07-21 01:31:09
272,Ust-Ilimsk,RU,58.0006,102.6619,68.9,54,2,6.22,clear sky,2022-07-21 01:32:09
273,Guhagar,IN,17.4842,73.1929,78.91,87,100,8.86,overcast clouds,2022-07-21 01:32:09
274,Winnemucca,US,40.973,-117.7357,98.65,10,0,11.5,clear sky,2022-07-21 01:32:10
275,Fortuna,US,40.5982,-124.1573,57.97,75,8,6.89,clear sky,2022-07-21 01:29:50
276,Carupano,VE,10.6678,-63.2585,77.56,87,41,5.82,scattered clouds,2022-07-21 01:32:10
277,Esperance,AU,-33.8667,121.9,58.23,72,100,21.54,light rain,2022-07-21 01:32:10
278,Sakakah,SA,29.9697,40.2064,89.17,18,54,10.09,broken clouds,2022-07-21 01:23:16
279,Kirakira,SB,-10.4544,161.9205,85.59,69,27,8.57,scattered clouds,2022-07-21 01:32:11
280,Neiafu,TO,-18.65,-173.9833,81.28,69,40,9.22,scattered clouds,2022-07-21 01:32:11
281,Yichun,CN,47.7,128.9,79.75,52,4,3.67,clear sky,2022-07-21 01:32:12
282,Muisne,EC,0.6,-80.0333,73.74,85,100,7.38,overcast clouds,2022-07-21 01:32:12
283,Mangan,IN,27.5167,88.5333,75.87,92,100,3.09,overcast clouds,2022-07-21 01:32:12
284,Marsa Matruh,EG,31.3525,27.2453,75.4,69,0,5.75,clear sky,2022-07-21 01:32:13
285,San Luis,AR,-33.295,-66.3356,51.94,47,0,6.73,clear sky,2022-07-21 01:30:46
286,Northam,GB,51.0333,-4.2167,60.39,90,2,12.44,clear sky,2022-07-21 01:32:13
287,Roald,NO,62.5833,6.1333,61.16,94,100,4.61,overcast clouds,2022-07-21 01:32:13
288,Alyangula,AU,-13.8483,136.4192,76.8,49,13,15.77,few clouds,2022-07-21 01:32:14
289,Koslan,RU,63.4564,48.8989,61.48,82,5,3.6,clear sky,2022-07-21 01:32:14
290,Hasaki,JP,35.7333,140.8333,86.4,76,100,7.43,overcast clouds,2022-07-21 01:29:00
291,Villarrica,PY,-25.75,-56.4333,69.89,64,18,6.13,few clouds,2022-07-21 01:32:15
292,Thinadhoo,MV,0.5333,72.9333,80.74,74,100,4.63,overcast clouds,2022-07-21 01:32:15
293,Atasu,KZ,48.6814,71.6433,82.83,35,95,6.96,overcast clouds,2022-07-21 01:32:15
294,Sembe,CG,1.6481,14.5806,70.18,96,100,1.81,light rain,2022-07-21 01:32:16
295,Dakar,SN,14.6937,-17.4441,79.68,81,100,13.69,overcast clouds,2022-07-21 01:30:17
296,Clonakilty,IE,51.6231,-8.8706,56.08,83,20,6.98,few clouds,2022-07-21 01:32:16
297,Touros,BR,-5.1989,-35.4608,73.06,92,100,8.68,overcast clouds,2022-07-21 01:30:31
298,Zhigansk,RU,66.7697,123.3711,53.31,67,100,9.62,overcast clouds,2022-07-21 01:32:17
299,Constitucion,CL,-35.3333,-72.4167,50.86,91,1,6.38,clear sky,2022-07-21 01:23:24
300,Zigong,CN,29.3416,104.7769,80.19,72,29,2.33,scattered clouds,2022-07-21 01:32:17
301,Airai,TL,-8.9266,125.4092,68.27,67,56,3.51,broken clouds,2022-07-21 01:32:18
302,Hashtgerd,IR,35.9642,50.6858,67.84,50,0,1.32,clear sky,2022-07-21 01:32:18
303,Tommot,RU,58.9564,126.2925,75.83,60,9,4.74,clear sky,2022-07-21 01:32:18
304,Mount Gambier,AU,-37.8333,140.7667,53.1,56,7,8.59,clear sky,2022-07-21 01:23:15
305,Porbandar,IN,21.6422,69.6093,81.09,86,95,18.99,overcast clouds,2022-07-21 01:32:19
306,Svetlogorsk,BY,52.6333,29.7333,54.16,77,32,9.75,scattered clouds,2022-07-21 01:24:30
307,Saint Anthony,US,45.0205,-93.218,85.93,49,0,16.11,clear sky,2022-07-21 01:32:19
308,Talcahuano,CL,-36.7167,-73.1167,51.48,100,100,6.91,drizzle,2022-07-21 01:32:20
309,Noumea,NC,-22.2763,166.4572,80.58,99,100,12.28,overcast clouds,2022-07-21 01:27:29
310,Puerto Del Rosario,ES,28.5004,-13.8627,80.35,44,0,14.97,clear sky,2022-07-21 01:32:20
311,Matagami,CA,49.7502,-77.6328,71.71,83,75,6.91,broken clouds,2022-07-21 01:32:20
312,Alice Springs,AU,-23.7,133.8833,51.35,40,13,12.66,few clouds,2022-07-21 01:31:35
313,Rodrigues Alves,BR,-7.738,-72.6509,75.29,70,75,1.97,broken clouds,2022-07-21 01:32:21
314,Eloi Mendes,BR,-21.61,-45.5653,59.27,83,0,5.1,clear sky,2022-07-21 01:32:21
315,Gravdal,NO,68.1214,13.5031,54.95,85,100,11.95,overcast clouds,2022-07-21 01:32:21
316,Saint-Pierre,RE,-21.3393,55.4781,67.68,67,0,12.66,clear sky,2022-07-21 01:32:22
317,Saint-Philippe,RE,-21.3585,55.7679,67.59,79,47,14.63,light rain,2022-07-21 01:32:22
318,Daru,PG,-9.0763,143.2092,79.27,83,33,9.53,scattered clouds,2022-07-21 01:32:23
319,Peleduy,RU,59.6289,112.7406,63.34,83,100,6.55,overcast clouds,2022-07-21 01:32:23
320,Sorkjosen,NO,69.8,20.9333,59.0,77,30,6.91,scattered clouds,2022-07-21 01:33:23
321,Penalva,BR,-3.2942,-45.1736,73.09,74,7,3.91,clear sky,2022-07-21 01:33:23
322,Namibe,AO,-15.1961,12.1522,62.29,79,0,8.39,clear sky,2022-07-21 01:24:30
323,Sal Rei,CV,16.1833,-22.9167,74.95,89,27,7.54,scattered clouds,2022-07-21 01:33:24
324,San Patricio,US,28.017,-97.5169,87.69,73,2,18.01,clear sky,2022-07-21 01:33:24
325,Kawalu,ID,-7.3817,108.2082,73.89,88,91,2.73,overcast clouds,2022-07-21 01:33:25
326,Kupang,ID,-10.1667,123.5833,83.95,62,64,9.4,broken clouds,2022-07-21 01:33:25
327,Tirat Karmel,IL,32.7617,34.9719,73.62,71,0,6.33,clear sky,2022-07-21 01:33:25
328,Adrar,MR,20.5022,-10.0711,87.94,34,60,8.77,broken clouds,2022-07-21 01:33:26
329,Hami,CN,42.8,93.45,69.35,44,29,2.84,scattered clouds,2022-07-21 01:24:28
330,Hervey Bay,AU,-25.2986,152.8535,62.47,87,100,19.33,moderate rain,2022-07-21 01:33:26
331,Shaki,AZ,41.0833,47.1667,72.84,57,0,1.5,clear sky,2022-07-21 01:33:26
332,Cabangahan,PH,9.0781,122.9469,85.78,73,70,1.72,broken clouds,2022-07-21 01:33:27
333,Kloulklubed,PW,7.0419,134.2556,82.9,73,87,1.61,overcast clouds,2022-07-21 01:33:27
334,Nganjuk,ID,-7.6051,111.9035,81.01,69,8,11.16,clear sky,2022-07-21 01:33:27
335,Tomohon,ID,1.3346,124.8392,77.94,59,30,1.9,scattered clouds,2022-07-21 01:33:28
336,Luyang,CN,27.6239,110.0989,86.14,67,99,8.32,overcast clouds,2022-07-21 01:33:28
337,Paralimni,CY,35.0375,33.9833,81.12,72,0,1.99,clear sky,2022-07-21 01:33:28
338,Norman Wells,CA,65.282,-126.8329,75.24,35,75,8.05,broken clouds,2022-07-21 01:32:26
339,Bowen,AU,-20.0167,148.2333,68.41,80,98,13.2,overcast clouds,2022-07-21 01:33:29
340,Atambua,ID,-9.1061,124.8925,80.1,65,41,2.51,scattered clouds,2022-07-21 01:33:29
341,Overyata,RU,58.0868,55.8709,53.73,94,19,3.33,few clouds,2022-07-21 01:33:29
342,Feijo,BR,-8.1642,-70.3536,72.12,62,4,1.1,clear sky,2022-07-21 01:33:30
343,Quang Ngai,VN,15.1167,108.8,78.31,84,100,5.35,overcast clouds,2022-07-21 01:33:30
344,Mercedes,AR,-34.6515,-59.4307,53.04,83,0,7.02,clear sky,2022-07-21 01:33:30
345,Meulaboh,ID,4.1363,96.1285,79.99,73,100,2.48,overcast clouds,2022-07-21 01:33:31
346,Emerald,AU,-23.5333,148.1667,61.56,80,100,12.39,light rain,2022-07-21 01:33:31
347,Muros,ES,42.7762,-9.0603,66.09,81,5,10.13,clear sky,2022-07-21 01:31:09
348,Jacksonville,US,30.3322,-81.6556,78.91,88,75,8.05,broken clouds,2022-07-21 01:33:31
349,Edd,ER,13.9297,41.6925,89.46,53,100,6.02,overcast clouds,2022-07-21 01:33:32
350,Aktash,RU,50.3,87.7333,50.29,52,90,2.73,overcast clouds,2022-07-21 01:33:32
351,Tahe,CN,52.3333,124.7333,81.23,52,53,3.15,broken clouds,2022-07-21 01:33:32
352,Hassleholm,SE,56.1591,13.7664,70.25,80,35,4.38,scattered clouds,2022-07-21 01:33:32
353,La Ronge,CA,55.1001,-105.2842,68.25,49,75,14.97,broken clouds,2022-07-21 01:24:32
354,Rio Branco,BR,-9.9747,-67.81,74.01,78,0,0.0,clear sky,2022-07-21 01:31:45
355,Beroroha,MG,-21.6667,45.1667,60.08,77,0,1.48,clear sky,2022-07-21 01:33:33
356,Luba,GQ,3.4568,8.5547,73.29,90,100,8.7,light rain,2022-07-21 01:33:33
357,Zhuhai,CN,22.2769,113.5678,91.85,79,20,8.05,few clouds,2022-07-21 01:33:34
358,Tungor,RU,53.3808,142.9564,58.68,88,100,11.9,overcast clouds,2022-07-21 01:33:34
359,Asyut,EG,27.181,31.1837,80.78,37,1,12.01,clear sky,2022-07-21 01:33:34
360,Lompoc,US,34.6391,-120.4579,85.78,72,0,10.36,clear sky,2022-07-21 01:33:34
361,Coihaique,CL,-45.5752,-72.0662,35.55,64,100,5.75,light rain,2022-07-21 01:31:06
362,Baykit,RU,61.67,96.37,65.59,60,35,4.16,scattered clouds,2022-07-21 01:33:35
363,Yubari,JP,43.0378,141.9578,72.1,68,23,6.89,few clouds,2022-07-21 01:33:35
364,Thunder Bay,CA,48.4001,-89.3168,75.18,73,75,5.75,broken clouds,2022-07-21 01:33:03
365,Pontal Do Parana,BR,-25.6533,-48.5128,60.31,95,86,2.89,overcast clouds,2022-07-21 01:33:36
366,Ossora,RU,59.2353,163.0719,62.94,64,12,8.12,few clouds,2022-07-21 01:34:36
367,Biskamzha,RU,53.4497,89.5272,65.01,53,100,1.88,overcast clouds,2022-07-21 01:34:36
368,Achit,RU,56.7985,57.8994,54.55,93,8,4.52,clear sky,2022-07-21 01:34:36
369,Lodja,CD,-3.4833,23.4333,75.54,59,89,0.81,overcast clouds,2022-07-21 01:34:37
370,Alakurtti,RU,66.9672,30.3491,55.83,89,24,3.2,few clouds,2022-07-21 01:34:37
371,Ilave,PE,-16.0833,-69.6667,37.0,44,38,2.24,scattered clouds,2022-07-21 01:34:38
372,Empalme,MX,27.9667,-110.8167,101.35,41,75,20.71,broken clouds,2022-07-21 01:34:38
373,Aykhal,RU,66.0,111.5,54.7,66,100,9.48,overcast clouds,2022-07-21 01:34:38
374,Fort Madison,US,40.6298,-91.3151,81.32,57,100,5.75,overcast clouds,2022-07-21 01:33:37
375,Aklavik,CA,68.2191,-135.0107,65.97,46,100,10.74,overcast clouds,2022-07-21 01:29:44
376,Brigantine,US,39.4101,-74.3646,82.04,82,0,8.05,clear sky,2022-07-21 01:34:39
377,Quartucciu,IT,39.2519,9.1794,79.0,72,0,5.99,clear sky,2022-07-21 01:34:39
378,Tulu Bolo,ET,8.6667,38.2167,55.74,97,100,4.79,light rain,2022-07-21 01:34:39
379,Grenada,ES,37.1882,-3.6067,75.9,47,0,1.14,clear sky,2022-07-21 01:34:40
380,Qarayeri,AZ,40.7886,46.3066,77.88,53,20,9.22,few clouds,2022-07-21 01:34:40
381,Severo-Yeniseyskiy,RU,60.3725,93.0408,61.74,60,34,4.63,scattered clouds,2022-07-21 01:34:40
382,Praia,CV,14.9215,-23.5087,77.54,88,40,6.91,scattered clouds,2022-07-21 01:34:41
383,Hovd,MN,48.0056,91.6419,61.56,42,0,1.21,clear sky,2022-07-21 01:34:41
384,Mahebourg,MU,-20.4081,57.7,66.49,82,75,12.66,broken clouds,2022-07-21 01:34:41
385,Omboue,GA,-1.5746,9.2618,71.89,87,100,6.58,overcast clouds,2022-07-21 01:34:41
386,Wang Saphung,TH,17.301,101.7685,78.82,94,40,4.03,scattered clouds,2022-07-21 01:34:42
387,Yamoussoukro,CI,6.8206,-5.2767,70.86,88,100,3.51,overcast clouds,2022-07-21 01:34:42
388,Luan,CH,46.3592,6.9759,60.46,92,11,1.03,few clouds,2022-07-21 01:34:43
389,Jibuti,DJ,11.5,42.5,80.47,49,100,14.45,overcast clouds,2022-07-21 01:34:43
390,Freeport,US,40.6576,-73.5832,88.97,69,0,16.11,clear sky,2022-07-21 01:34:43
391,Kargat,RU,55.1956,80.2811,60.55,93,100,11.12,light rain,2022-07-21 01:34:43
392,Orlik,RU,52.5178,99.825,59.27,58,85,1.28,overcast clouds,2022-07-21 01:34:44
393,Garden City,US,42.3256,-83.331,82.85,59,75,17.27,broken clouds,2022-07-21 01:34:44
394,Nashville,US,36.1659,-86.7844,91.54,66,0,6.91,haze,2022-07-21 01:34:04
395,Sokolo,ML,14.7328,-6.1219,78.69,76,100,8.79,overcast clouds,2022-07-21 01:34:45
396,Francisco Sa,BR,-16.4758,-43.4883,68.14,72,2,11.41,clear sky,2022-07-21 01:34:45
397,High Level,CA,58.5169,-117.136,73.51,49,75,3.44,broken clouds,2022-07-21 01:34:45
398,Sao Filipe,CV,14.8961,-24.4956,75.52,90,63,3.83,broken clouds,2022-07-21 01:34:45
399,Nemuro,JP,43.3236,145.575,60.04,87,65,8.55,broken clouds,2022-07-21 01:34:46
400,Slave Lake,CA,55.2834,-114.769,73.38,40,0,17.27,clear sky,2022-07-21 01:30:35
401,Shimoda,JP,34.6667,138.95,80.96,74,66,7.81,broken clouds,2022-07-21 01:34:46
402,Mayo,US,38.8876,-76.5119,86.16,83,0,9.22,clear sky,2022-07-21 01:34:46
403,Green River,US,41.5286,-109.4662,87.19,20,29,8.01,scattered clouds,2022-07-21 01:31:13
404,Hurghada,EG,27.2574,33.8129,87.84,29,0,12.66,clear sky,2022-07-21 01:34:47
405,Kieta,PG,-6.2167,155.6333,84.16,68,51,3.98,broken clouds,2022-07-21 01:34:47
406,Chernigovka,RU,44.3389,132.5728,71.62,87,100,6.8,overcast clouds,2022-07-21 01:34:47
407,Geraldton,AU,-28.7667,114.6,63.01,94,75,0.0,moderate rain,2022-07-21 01:34:48
408,Lima,PE,-12.0432,-77.0282,57.45,88,75,10.36,broken clouds,2022-07-21 01:33:12
409,Amot,NO,59.5714,7.9877,61.75,73,100,4.03,overcast clouds,2022-07-21 01:35:48
410,Zhuzhou,CN,27.8333,113.15,87.93,69,100,8.19,overcast clouds,2022-07-21 01:35:48
411,Moranbah,AU,-22.0016,148.0466,66.0,73,93,13.6,overcast clouds,2022-07-21 01:35:49
412,Sao Joao Da Barra,BR,-21.6403,-41.0511,67.32,94,1,7.11,clear sky,2022-07-21 01:34:06
413,Lakes Entrance,AU,-37.8811,147.981,55.87,65,17,9.64,few clouds,2022-07-21 01:35:49
414,Mount Darwin,ZW,-16.7725,31.5838,54.21,84,6,3.69,clear sky,2022-07-21 01:35:49
415,Saint-Francois,FR,46.4154,3.9054,60.24,88,20,2.3,few clouds,2022-07-21 01:35:50
416,Pemangkat,ID,1.1667,108.9667,83.34,76,87,4.16,overcast clouds,2022-07-21 01:35:50
417,Chapais,CA,49.7834,-74.8492,67.78,84,100,6.96,overcast clouds,2022-07-21 01:35:50
418,Diamantino,BR,-14.4086,-56.4461,71.92,44,8,4.59,clear sky,2022-07-21 01:35:51
419,Pitkyaranta,RU,61.5734,31.4792,59.45,91,4,10.54,clear sky,2022-07-21 01:35:51
420,Harper,LR,4.375,-7.7169,74.32,71,100,8.84,overcast clouds,2022-07-21 01:35:51
421,Port Hardy,CA,50.6996,-127.4199,62.78,72,0,13.8,clear sky,2022-07-21 01:33:05
422,Salalah,OM,17.0151,54.0924,75.29,100,100,6.91,drizzle,2022-07-21 01:35:33
423,Shirgaon,IN,19.7,72.7,80.15,85,100,13.35,overcast clouds,2022-07-21 01:35:52
424,Hinton,CA,53.4001,-117.5857,74.21,32,7,8.57,clear sky,2022-07-21 01:35:52
425,Kemijarvi,FI,66.7131,27.4306,55.0,87,85,2.55,overcast clouds,2022-07-21 01:35:52
426,Pontes E Lacerda,BR,-15.2261,-59.3353,69.66,42,5,2.68,clear sky,2022-07-21 01:35:53
427,Finsterwalde,DE,51.6333,13.7167,75.09,52,100,12.55,overcast clouds,2022-07-21 01:35:53
428,Jumla,NP,29.2747,82.1838,64.38,93,100,1.41,overcast clouds,2022-07-21 01:35:53
429,Lamar,US,33.6668,-95.5836,96.71,44,0,5.75,clear sky,2022-07-21 01:35:53
430,Suhbaatar,MN,50.2314,106.2078,69.01,46,66,9.24,broken clouds,2022-07-21 01:33:10
431,Cacoal,BR,-11.4386,-61.4472,72.12,45,3,2.77,clear sky,2022-07-21 01:35:54
432,Calatayud,ES,41.3535,-1.6432,71.01,61,0,3.91,clear sky,2022-07-21 01:35:54
433,Nagold,DE,48.5498,8.7237,65.89,96,5,4.41,moderate rain,2022-07-21 01:35:54
434,Goba,ET,7.0167,39.9833,49.24,98,97,1.77,overcast clouds,2022-07-21 01:35:55
435,Riachao Das Neves,BR,-11.7461,-44.91,68.13,41,1,1.34,clear sky,2022-07-21 01:35:55
436,Shunyi,CN,40.125,116.6453,82.35,61,0,2.24,clear sky,2022-07-21 01:35:55
437,Vallenar,CL,-28.5708,-70.7581,62.04,62,100,1.28,overcast clouds,2022-07-21 01:35:56
438,Patan,NP,27.6667,85.3333,70.18,100,75,0.0,broken clouds,2022-07-21 01:35:56
439,Manicore,BR,-5.8092,-61.3003,75.15,88,0,1.14,clear sky,2022-07-21 01:35:56
440,Nuevo Progreso,MX,23.1667,-97.95,85.53,64,15,5.99,few clouds,2022-07-21 01:35:57
441,Craig,US,40.5153,-107.5464,89.55,15,0,6.91,clear sky,2022-07-21 01:33:03
442,Sioux Lookout,CA,50.1001,-91.917,77.07,53,40,4.61,scattered clouds,2022-07-21 01:35:57
443,Kralendijk,BQ,12.15,-68.2667,80.58,89,40,16.11,scattered clouds,2022-07-21 01:35:57
444,Sawakin,SD,19.1059,37.3321,88.56,55,83,13.47,broken clouds,2022-07-21 01:35:58
445,Bambous Virieux,MU,-20.3428,57.7575,66.45,82,75,12.66,light rain,2022-07-21 01:33:39
446,Isabela,PH,6.7085,121.9711,82.45,66,6,2.46,clear sky,2022-07-21 01:35:58
447,Makinsk,KZ,52.6292,70.4169,65.95,75,4,15.43,clear sky,2022-07-21 01:35:58
448,Urgut,UZ,39.4022,67.2431,73.02,24,0,1.41,clear sky,2022-07-21 01:35:59
449,Tsiroanomandidy,MG,-18.7667,46.0333,53.2,82,0,3.06,clear sky,2022-07-21 01:35:59
450,Nortelandia,BR,-14.4547,-56.8028,71.35,44,24,2.71,few clouds,2022-07-21 01:35:59
451,Mweka,CD,-4.85,21.5667,68.68,62,15,0.54,few clouds,2022-07-21 01:35:59
452,Krasnyy Yar,RU,46.5331,48.3456,64.33,89,97,4.12,overcast clouds,2022-07-21 01:36:00
453,Huarmey,PE,-10.0681,-78.1522,62.58,84,19,9.89,few clouds,2022-07-21 01:36:00
454,Salinopolis,BR,-0.6136,-47.3561,79.43,80,81,8.9,broken clouds,2022-07-21 01:37:00
455,Luwuk,ID,-0.9516,122.7875,84.25,74,25,3.91,scattered clouds,2022-07-21 01:37:01
456,Camden,US,39.7835,-74.9663,85.71,75,0,1.01,clear sky,2022-07-21 01:37:01
457,Santa Isabel Do Rio Negro,BR,-0.4139,-65.0192,72.61,99,100,1.41,overcast clouds,2022-07-21 01:37:01
458,Bukachacha,RU,52.9833,116.9167,75.27,62,25,5.08,scattered clouds,2022-07-21 01:37:01
459,Pillaro,EC,-1.1667,-78.5333,47.97,21,99,3.06,overcast clouds,2022-07-21 01:37:02
460,Chino Valley,US,34.7575,-112.4538,93.33,28,0,6.91,clear sky,2022-07-21 01:37:02
461,Sungurlu,TR,40.1675,34.3739,56.17,66,0,3.83,clear sky,2022-07-21 01:37:03
462,Sibu,MY,2.3,111.8167,82.71,78,20,5.01,few clouds,2022-07-21 01:37:03
463,Ormara,PK,25.2088,64.6357,83.1,83,93,16.93,overcast clouds,2022-07-21 01:37:03
464,Alibag,IN,18.6411,72.8792,80.67,86,100,11.23,overcast clouds,2022-07-21 01:37:04
465,Togur,RU,58.3631,82.8265,63.72,67,92,5.08,overcast clouds,2022-07-21 01:37:04
466,Biloela,AU,-24.4167,150.5,58.33,87,100,12.3,light rain,2022-07-21 01:37:05
467,Along,IN,28.1667,94.7667,78.15,97,100,0.2,overcast clouds,2022-07-21 01:37:05
468,Mafinga,TZ,-7.25,35.0667,59.09,66,0,3.56,clear sky,2022-07-21 01:37:06
469,Itoman,JP,26.1247,127.6694,91.4,84,20,10.36,few clouds,2022-07-21 01:37:06
470,Nanakuli,US,21.3906,-158.1547,85.95,51,75,8.05,broken clouds,2022-07-21 01:37:06
471,Egvekinot,RU,66.3167,-179.1667,43.88,53,71,5.66,broken clouds,2022-07-21 01:37:07
472,Nhulunbuy,AU,-12.2333,136.7667,81.21,54,0,17.27,clear sky,2022-07-21 01:37:07
473,Lixourion,GR,38.2019,20.4314,76.78,46,0,6.22,clear sky,2022-07-21 01:37:07
474,Srednekolymsk,RU,67.45,153.6833,54.97,53,56,5.19,broken clouds,2022-07-21 01:37:08
475,Innisfail,AU,-17.5333,146.0333,74.12,72,97,7.67,overcast clouds,2022-07-21 01:37:08
476,Margate,GB,51.3813,1.3862,66.69,82,73,4.0,broken clouds,2022-07-21 01:37:08
477,Alofi,NU,-19.0595,-169.9187,76.89,78,75,14.97,broken clouds,2022-07-21 01:37:09
478,Taicheng,CN,38.731,113.228,77.36,49,0,4.61,clear sky,2022-07-21 01:37:09
479,Highland Springs,US,37.546,-77.3278,88.12,72,40,8.05,scattered clouds,2022-07-21 01:37:10
480,Cutervo,PE,-6.379,-78.8157,49.01,93,43,4.07,scattered clouds,2022-07-21 01:37:10
481,Aranjuez,ES,40.0311,-3.6025,83.53,52,0,14.2,clear sky,2022-07-21 01:37:10
482,Belyy Yar,RU,53.6039,91.3903,62.85,68,0,4.47,clear sky,2022-07-21 01:37:11
483,Kamenka,RU,51.3223,42.7678,57.29,96,100,4.21,light rain,2022-07-21 01:37:11
484,Ketchikan,US,55.3422,-131.6461,57.67,77,100,8.05,overcast clouds,2022-07-21 01:33:10
485,Mehamn,NO,71.0357,27.8492,57.15,88,75,11.5,broken clouds,2022-07-21 01:37:12
486,Vidim,RU,56.4088,103.1106,68.41,54,48,3.49,scattered clouds,2022-07-21 01:37:12
487,Bonfim,BR,3.0833,-59.95,75.18,87,69,2.13,broken clouds,2022-07-21 01:33:03
488,Narsaq,GL,60.9167,-46.05,48.42,97,44,3.98,scattered clouds,2022-07-21 01:37:12
489,Camopi,GF,3.1655,-52.3158,70.72,99,27,1.79,scattered clouds,2022-07-21 01:37:13
490,Letlhakeng,BW,-24.0944,25.0298,50.65,83,23,6.46,few clouds,2022-07-21 01:37:13
491,Cardenas,CU,23.0375,-81.2047,81.36,82,31,11.21,scattered clouds,2022-07-21 01:37:13
492,Nagutskoye,RU,44.4415,42.8762,61.02,93,61,5.37,broken clouds,2022-07-21 01:37:14
493,Ogbomosho,NG,8.133,4.25,69.31,86,100,5.57,overcast clouds,2022-07-21 01:37:14
494,Aden,YE,12.7794,45.0367,82.15,74,100,1.66,overcast clouds,2022-07-21 01:37:14
495,Road Town,VG,18.4167,-64.6167,82.49,83,40,13.8,scattered clouds,2022-07-21 01:37:15
496,Makakilo City,US,21.3469,-158.0858,84.52,60,75,16.11,shower rain,2022-07-21 01:37:15
497,Turukhansk,RU,65.8167,87.9833,57.45,76,45,6.98,light rain,2022-07-21 01:37:15
498,Lashio,MM,22.9333,97.75,75.38,91,94,1.12,overcast clouds,2022-07-21 01:37:16
499,Labuhan,ID,-6.8844,112.2051,81.68,67,8,12.15,clear sky,2022-07-21 01:37:16
500,Jiangyou,CN,31.7667,104.7167,78.89,80,65,5.03,broken clouds,2022-07-21 01:37:16
501,Gijon,ES,43.5357,-5.6615,67.46,92,47,5.01,scattered clouds,2022-07-21 01:38:17
502,Antsohihy,MG,-14.8796,47.9875,68.11,59,0,9.17,clear sky,2022-07-21 01:38:17
503,Klaksvik,FO,62.2266,-6.589,49.12,92,94,18.32,overcast clouds,2022-07-21 01:38:17
504,El Dorado,US,38.7666,-120.5177,92.41,22,0,1.99,clear sky,2022-07-21 01:38:18
505,Sabang,ID,5.8933,95.3214,82.85,71,81,17.6,broken clouds,2022-07-21 01:38:18
506,Naliya,IN,23.2667,68.8333,82.11,83,100,17.13,overcast clouds,2022-07-21 01:38:18
507,Kindu,CD,-2.95,25.95,72.18,76,49,2.77,scattered clouds,2022-07-21 01:38:19
508,Maceio,BR,-9.6658,-35.7353,76.44,88,75,3.44,broken clouds,2022-07-21 01:34:01
509,Anupgarh,IN,29.1911,73.2086,90.18,62,89,17.0,overcast clouds,2022-07-21 01:38:19
510,Sisimiut,GL,66.9395,-53.6735,49.98,88,100,8.39,light rain,2022-07-21 01:38:19
511,Lesnoy,RU,57.6198,63.0784,57.6,79,45,9.93,scattered clouds,2022-07-21 01:38:20
512,Kargasok,RU,59.0556,80.8572,60.94,77,100,4.05,overcast clouds,2022-07-21 01:38:11
513,Paamiut,GL,61.994,-49.6678,49.39,82,98,12.93,overcast clouds,2022-07-21 01:38:20
514,Rocha,UY,-34.4833,-54.3333,59.05,95,89,10.38,overcast clouds,2022-07-21 01:36:27
515,Kampene,CD,-3.6,26.6667,73.6,50,100,1.36,overcast clouds,2022-07-21 01:38:21
516,Estacion Coahuila,MX,32.1939,-115.0017,103.37,23,9,8.75,clear sky,2022-07-21 01:38:21
517,Tefe,BR,-3.3542,-64.7114,72.5,99,100,2.53,light rain,2022-07-21 01:38:22
518,Karpathos,GR,35.507,27.2132,71.56,83,0,28.77,clear sky,2022-07-21 01:38:22
519,Nipawin,CA,53.3668,-104.0009,71.64,49,20,13.8,few clouds,2022-07-21 01:38:22
520,Yeppoon,AU,-23.1333,150.7333,58.78,95,100,18.59,light rain,2022-07-21 01:34:41
521,Noyabrsk,RU,63.1994,75.4507,58.77,59,72,10.25,broken clouds,2022-07-21 01:38:23
522,Parati,BR,-23.2178,-44.7131,67.37,96,67,1.63,broken clouds,2022-07-21 01:34:23
523,Warrnambool,AU,-38.3833,142.4833,55.85,50,5,11.07,clear sky,2022-07-21 01:38:23
524,Florence,IT,43.7667,11.25,77.76,57,0,5.75,clear sky,2022-07-21 01:33:24
525,Macusani,PE,-14.0833,-70.4333,33.42,46,57,1.1,broken clouds,2022-07-21 01:38:24
526,Olinda,BR,-8.0089,-34.8553,73.13,88,75,14.97,mist,2022-07-21 01:38:24
527,Taoudenni,ML,22.6783,-3.9836,92.34,35,96,18.21,overcast clouds,2022-07-21 01:38:24
528,Pinheiro Machado,BR,-31.5783,-53.3811,60.06,93,44,7.18,scattered clouds,2022-07-21 01:38:25
529,Yulara,AU,-25.2406,130.9889,60.15,30,6,12.24,clear sky,2022-07-21 01:38:25
530,Black River,JM,18.0264,-77.8487,79.09,74,16,2.77,few clouds,2022-07-21 01:38:25
531,Coxim,BR,-18.5067,-54.76,71.65,33,27,4.5,scattered clouds,2022-07-21 01:38:26
532,San Blas,MX,21.5167,-105.2667,82.54,84,71,4.36,broken clouds,2022-07-21 01:38:26
533,Chernyshevsk,RU,52.5243,117.0174,73.89,71,43,6.53,scattered clouds,2022-07-21 01:38:26
534,Jalu,LY,29.0331,21.5482,72.46,48,0,10.71,clear sky,2022-07-21 01:38:27
535,Dingle,PH,10.9995,122.6711,84.92,74,100,3.24,overcast clouds,2022-07-21 01:38:27
536,Wasilla,US,61.5814,-149.4394,62.15,71,100,12.66,overcast clouds,2022-07-21 01:38:27
537,Dalton,US,34.7698,-84.9702,85.59,86,99,4.68,overcast clouds,2022-07-21 01:37:43
538,Imbituba,BR,-28.24,-48.6703,64.09,93,13,18.99,few clouds,2022-07-21 01:38:28
539,Ajaccio,FR,42.0,8.9167,71.65,56,0,8.05,clear sky,2022-07-21 01:38:28
540,Siavonga,ZM,-16.5382,28.7088,67.08,60,99,4.97,overcast clouds,2022-07-21 01:38:28
541,Bagan,RU,54.1001,77.6646,68.16,69,11,8.52,few clouds,2022-07-21 01:38:29
542,Fort Wellington,GY,6.4,-57.6,78.01,85,98,8.19,overcast clouds,2022-07-21 01:38:29
543,West Helena,US,34.5507,-90.6418,87.55,61,94,6.8,overcast clouds,2022-07-21 01:38:29
544,Arlit,NE,18.7369,7.3853,89.71,32,77,7.67,broken clouds,2022-07-21 01:38:30
545,Grand Gaube,MU,-20.0064,57.6608,66.6,76,94,7.0,overcast clouds,2022-07-21 01:38:30
546,Boulder,US,40.0833,-105.3505,75.24,52,0,9.22,clear sky,2022-07-21 01:35:01
547,Nsanje,MW,-16.92,35.262,63.54,91,7,3.2,clear sky,2022-07-21 01:39:30
548,Warwick,US,41.7001,-71.4162,82.76,75,0,11.5,clear sky,2022-07-21 01:39:31
549,Solwezi,ZM,-12.1688,26.3894,55.53,71,29,3.98,scattered clouds,2022-07-21 01:39:31
550,Santa Vitoria Do Palmar,BR,-33.5189,-53.3681,57.81,96,48,8.34,light rain,2022-07-21 01:39:31
551,Ndele,CF,8.4109,20.6473,67.77,98,65,2.51,broken clouds,2022-07-21 01:39:32
552,Tovarkovo,RU,54.6762,35.9386,55.83,97,100,10.13,light rain,2022-07-21 01:39:32
553,Vestmanna,FO,62.1564,-7.1664,47.32,87,100,8.05,overcast clouds,2022-07-21 01:39:32
554,Batsfjord,NO,70.6345,29.7185,53.53,100,75,17.27,broken clouds,2022-07-21 01:39:33
555,Chardara,KZ,41.2547,67.9692,81.77,28,0,11.48,clear sky,2022-07-21 01:39:33
556,Solok,ID,-0.7918,100.6593,72.55,64,27,0.98,scattered clouds,2022-07-21 01:39:33
557,Kyra,RU,49.5776,111.9753,69.69,66,3,2.1,clear sky,2022-07-21 01:39:34
558,Cabedelo,BR,-6.9811,-34.8339,74.07,88,92,10.4,overcast clouds,2022-07-21 01:36:37
559,Conde,BR,-7.2597,-34.9075,72.86,100,75,6.91,light rain,2022-07-21 01:39:34
560,Mizan Teferi,ET,6.9833,35.5833,59.14,96,87,3.18,overcast clouds,2022-07-21 01:39:34
561,Ujjain,IN,23.1833,75.7667,75.43,90,100,13.24,overcast clouds,2022-07-21 01:39:35
562,Sept-Iles,CA,50.2001,-66.3821,71.6,51,20,6.91,few clouds,2022-07-21 01:39:35
563,Montreal,CA,45.5088,-73.5878,81.81,78,40,4.61,scattered clouds,2022-07-21 01:36:05
564,Broome,US,42.2506,-75.833,82.85,63,0,7.0,clear sky,2022-07-21 01:39:35
565,Aguada De Pasajeros,CU,22.385,-80.8508,78.39,81,18,6.44,few clouds,2022-07-21 01:39:36
566,Poum,NC,-20.2333,164.0167,78.08,80,67,18.61,broken clouds,2022-07-21 01:39:36
567,Zhanakorgan,KZ,43.9098,67.2495,93.58,17,0,5.97,clear sky,2022-07-21 01:39:36
568,Zeya,RU,53.75,127.2667,69.57,72,100,2.39,overcast clouds,2022-07-21 01:39:37
569,San Juan Nepomuceno,CO,9.9516,-75.082,76.39,94,84,3.91,broken clouds,2022-07-21 01:39:37
570,Lorengau,PG,-2.0226,147.2712,84.56,67,77,4.94,heavy intensity rain,2022-07-21 01:39:37
571,Hambantota,LK,6.1241,81.1185,77.34,100,20,3.44,few clouds,2022-07-21 01:39:37
572,Khonsa,IN,27.0167,95.5667,70.07,99,100,2.37,overcast clouds,2022-07-21 01:39:38
573,Tocopilla,CL,-22.092,-70.1979,60.35,75,59,0.87,broken clouds,2022-07-21 01:39:38
574,Udimskiy,RU,61.1417,45.9144,53.01,91,30,3.56,scattered clouds,2022-07-21 01:39:38
575,Nara,JP,34.6851,135.8049,88.5,40,84,6.02,broken clouds,2022-07-21 01:39:39
576,Ptuj,SI,46.4201,15.8702,61.54,88,5,0.0,clear sky,2022-07-21 01:39:39
577,Houma,US,29.5958,-90.7195,86.0,74,0,4.0,clear sky,2022-07-21 01:39:38
578,Victor Harbor,AU,-35.5667,138.6167,51.01,76,14,11.74,few clouds,2022-07-21 01:39:39
579,Camacupa,AO,-12.0167,17.4833,53.29,49,6,5.14,clear sky,2022-07-21 01:39:40
580,Monrovia,LR,6.3005,-10.7969,75.34,79,100,11.99,overcast clouds,2022-07-21 01:39:40
581,Kiama,AU,-34.6833,150.8667,59.38,92,96,5.01,overcast clouds,2022-07-21 01:39:40
582,Pachino,IT,36.7186,15.0907,78.71,69,0,1.83,clear sky,2022-07-21 01:39:41
583,Zhezkazgan,KZ,47.8043,67.7144,76.98,36,40,8.95,scattered clouds,2022-07-21 01:39:41
584,Lahat,ID,-3.8,103.5333,81.9,73,9,1.05,clear sky,2022-07-21 01:39:41
585,Envira,BR,-7.3,-70.2167,71.24,68,8,0.85,clear sky,2022-07-21 01:39:41
586,Buriti Alegre,BR,-18.14,-49.0403,63.23,50,2,4.74,clear sky,2022-07-21 01:39:42
587,Opuwo,NA,-18.0607,13.84,54.88,36,0,5.66,clear sky,2022-07-21 01:39:42
588,Amboasary,MG,-25.0333,46.3833,62.38,78,0,3.56,clear sky,2022-07-21 01:39:42
589,Porangatu,BR,-13.4408,-49.1486,71.74,39,0,1.97,clear sky,2022-07-21 01:36:39
590,Nassau,US,40.7507,-73.5829,88.66,69,0,12.66,clear sky,2022-07-21 01:35:53
591,Wajima,JP,37.4,136.9,79.48,83,75,4.61,light intensity shower rain,2022-07-21 01:39:43
592,Curaca,BR,-8.9903,-39.9094,73.08,75,100,15.3,overcast clouds,2022-07-21 01:40:43
593,Dudinka,RU,69.4058,86.1778,56.62,81,100,9.24,overcast clouds,2022-07-21 01:40:44
594,Aracruz,BR,-19.8203,-40.2733,69.01,98,24,2.82,few clouds,2022-07-21 01:40:44
595,Aksay,RU,47.26,39.87,70.02,63,70,11.01,broken clouds,2022-07-21 01:40:44
596,Terrace,CA,54.5163,-128.6035,76.91,35,75,18.41,broken clouds,2022-07-21 01:40:44
597,Menemen,TR,38.6075,27.0694,74.57,72,0,6.91,clear sky,2022-07-21 01:40:45
598,Deer Lake,CA,49.1667,-57.4316,60.66,82,100,9.22,overcast clouds,2022-07-21 01:40:45
599,Dunedin,NZ,-45.8742,170.5036,45.81,65,100,14.0,overcast clouds,2022-07-21 01:39:35
600,Mahon,ES,39.8885,4.2658,75.76,94,0,8.05,clear sky,2022-07-21 01:39:20
601,Roblin,CA,51.23,-101.3565,61.92,79,1,9.69,clear sky,2022-07-21 01:40:46
602,Coffs Harbour,AU,-30.3,153.1333,60.76,82,75,12.66,light rain,2022-07-21 01:40:46
603,Naze,JP,28.3667,129.4833,85.12,78,77,17.94,broken clouds,2022-07-21 01:40:46
604,Naica,MX,27.85,-105.4833,93.38,14,11,5.86,few clouds,2022-07-21 01:40:46
605,Stornoway,GB,58.2093,-6.3865,53.92,88,100,4.61,overcast clouds,2022-07-21 01:40:47
606,Tchibanga,GA,-2.85,11.0333,65.17,99,65,2.51,broken clouds,2022-07-21 01:40:47
607,Surskoye,RU,54.4821,46.7214,56.98,83,100,3.78,overcast clouds,2022-07-21 01:40:47
608,Moyale,KE,3.5167,39.0584,61.9,70,97,11.5,overcast clouds,2022-07-21 01:40:48
609,Karratha,AU,-20.7377,116.8463,74.86,40,5,3.33,clear sky,2022-07-21 01:40:48
610,Saint-Louis,SN,16.3333,-15.0,79.99,69,97,15.26,overcast clouds,2022-07-21 01:40:48
611,Padang,ID,-0.9492,100.3543,77.05,70,48,1.1,scattered clouds,2022-07-21 01:39:50
612,Manzanillo,CU,20.3433,-77.1167,77.31,85,72,8.14,broken clouds,2022-07-21 01:40:49
613,Zheshart,RU,62.0731,49.5733,58.53,95,51,2.51,broken clouds,2022-07-21 01:40:49
614,Ahipara,NZ,-35.1667,173.1667,57.15,69,19,20.29,few clouds,2022-07-21 01:40:49
615,Qatana,SY,33.4354,36.0815,64.83,44,0,8.05,clear sky,2022-07-21 01:40:50
616,Juneau,US,58.3019,-134.4197,53.22,95,100,11.5,light rain,2022-07-21 01:38:49
617,Cozumel,MX,20.5083,-86.9458,84.27,83,40,5.01,scattered clouds,2022-07-21 01:40:50
618,Toribio,CO,2.9548,-76.2684,60.62,83,100,5.53,overcast clouds,2022-07-21 01:40:50
619,Buraydah,SA,26.326,43.975,84.65,14,91,4.61,overcast clouds,2022-07-21 01:40:51
620,Were Ilu,ET,10.6,39.4333,51.85,91,100,1.86,light rain,2022-07-21 01:40:51
621,Tomatlan,MX,19.9333,-105.25,83.01,76,60,7.2,broken clouds,2022-07-21 01:40:51
622,Vohibinany,MG,-17.35,49.0333,61.61,99,80,3.98,light rain,2022-07-21 01:40:51
623,Rincon,US,32.296,-81.2354,78.85,83,40,6.91,scattered clouds,2022-07-21 01:40:52
624,Dibai,IN,28.2167,78.25,82.81,72,100,9.19,overcast clouds,2022-07-21 01:40:52
625,Sogne,NO,58.0833,7.8167,64.17,93,97,1.41,overcast clouds,2022-07-21 01:40:52
626,Buchanan,LR,5.8808,-10.0467,74.73,78,100,10.02,overcast clouds,2022-07-21 01:40:53
627,Tautira,PF,-17.7333,-149.15,76.39,73,22,9.01,light rain,2022-07-21 01:40:53
628,Garissa,KE,-0.4536,39.6401,69.67,79,59,15.93,broken clouds,2022-07-21 01:40:53
629,Mabay,PH,6.0577,124.4666,85.8,67,20,3.49,few clouds,2022-07-21 01:40:54
630,Pogranichnyy,RU,44.4064,131.3769,74.98,81,74,3.76,broken clouds,2022-07-21 01:40:54
631,Sarkand,KZ,45.41,79.9186,82.4,12,0,3.04,clear sky,2022-07-21 01:40:54
632,Vila Velha,BR,-20.3297,-40.2925,70.95,86,0,5.75,clear sky,2022-07-21 01:40:55
633,Ust-Kuyga,RU,70.0167,135.6,59.94,47,0,11.65,clear sky,2022-07-21 01:40:55
634,Mathathane,BW,-22.2687,28.7495,61.02,74,97,4.88,light rain,2022-07-21 01:40:55
635,Ostersund,SE,63.1792,14.6357,68.45,64,20,9.22,few clouds,2022-07-21 01:40:56
636,Manzil Salim,TN,35.8567,8.4765,76.32,45,0,3.56,clear sky,2022-07-21 01:40:56
637,Morant Bay,JM,17.8815,-76.4093,85.62,80,13,9.75,few clouds,2022-07-21 01:41:56
638,Cheney,US,47.4874,-117.5758,91.74,20,20,11.5,few clouds,2022-07-21 01:41:57
639,Acapulco,MX,16.8634,-99.8901,84.02,84,100,12.66,overcast clouds,2022-07-21 01:41:57
640,Bartica,GY,6.4,-58.6167,77.32,98,100,1.74,overcast clouds,2022-07-21 01:41:57
641,Makat,KZ,47.6469,53.3463,72.86,47,100,7.11,overcast clouds,2022-07-21 01:41:58
642,Pacanga,PE,-7.1667,-79.5,62.04,82,24,6.64,few clouds,2022-07-21 01:41:58
643,Batticaloa,LK,7.7102,81.6924,81.23,79,100,1.99,overcast clouds,2022-07-21 01:41:58
644,Kaoma,ZM,-14.7833,24.8,59.72,67,88,3.74,overcast clouds,2022-07-21 01:41:58
645,Uusikaupunki,FI,60.8004,21.4084,61.79,93,23,7.72,few clouds,2022-07-21 01:41:59
646,Nanyuki,KE,0.0167,37.0728,52.16,88,57,8.3,broken clouds,2022-07-21 01:41:59
647,Yumen,CN,40.2833,97.2,66.54,33,0,17.47,clear sky,2022-07-21 01:41:59
648,Shwebo,MM,22.5667,95.7,84.07,74,100,6.35,overcast clouds,2022-07-21 01:42:00
649,Santarem,BR,-2.4431,-54.7083,78.93,94,20,3.44,few clouds,2022-07-21 01:37:52
650,Upata,VE,8.0086,-62.3989,75.2,96,100,3.0,overcast clouds,2022-07-21 01:42:00
651,Beaverlodge,CA,55.2166,-119.4361,76.35,49,19,11.32,few clouds,2022-07-21 01:42:00
652,La Maddalena,IT,41.2142,9.4083,80.65,65,0,11.7,clear sky,2022-07-21 01:42:01
653,Guaruja,BR,-23.9931,-46.2564,66.2,90,49,1.63,scattered clouds,2022-07-21 01:42:01
654,Aksu,CN,41.1231,80.2644,76.71,38,0,17.2,clear sky,2022-07-21 01:42:01
655,Alenquer,BR,-1.9417,-54.7383,73.63,94,77,4.32,broken clouds,2022-07-21 01:42:02
656,Burnie,AU,-41.0667,145.9167,52.95,75,100,10.0,overcast clouds,2022-07-21 01:42:02
657,Gamba,GA,-2.65,10.0,70.75,91,100,6.22,overcast clouds,2022-07-21 01:42:02
658,Bairnsdale,AU,-37.8333,147.6167,56.35,55,3,5.48,clear sky,2022-07-21 01:42:03
659,Cordele,US,31.9635,-83.7824,79.32,88,75,5.75,broken clouds,2022-07-21 01:42:03
660,Kiunga,PG,-6.1219,141.2906,74.48,98,100,1.1,overcast clouds,2022-07-21 01:42:03
661,Taltal,CL,-25.4,-70.4833,57.47,87,100,2.19,overcast clouds,2022-07-21 01:40:20
662,Yakima,US,46.4665,-120.6678,99.55,18,0,4.61,clear sky,2022-07-21 01:38:56
663,Champagnole,FR,46.7445,5.9135,61.45,88,61,1.48,broken clouds,2022-07-21 01:42:04
664,Ypsonas,CY,34.6884,32.9574,83.28,61,0,9.22,clear sky,2022-07-21 01:42:04
665,Sorland,NO,67.667,12.6934,53.46,90,100,14.65,overcast clouds,2022-07-21 01:42:04
666,Vila Franca Do Campo,PT,37.7167,-25.4333,70.21,91,43,0.72,scattered clouds,2022-07-21 01:42:05
667,Half Moon Bay,US,37.4636,-122.4286,79.54,78,100,24.16,mist,2022-07-21 01:41:30
